database_identifier	chemical_formula	smiles	inchi	metabolite_identification	mass_to_charge	fragmentation	modifications	charge	retention_time	taxid	species	database	database_version	reliability	uri	search_engine	search_engine_score	smallmolecule_abundance_sub	smallmolecule_abundance_stdev_sub	smallmolecule_abundance_std_error_sub	Bile Acid Category	HCL-11	HCL-9	HCL-10	HCL-1	HCL-12	HCL-13	HCL-17	HCL-3-2	HCL-8	HCL-5	HCL-6	HCL-3-1	HCL-15	HCL-14	HCL-4	HCL-16	CH-72	CH-79	CH-14	CH-44	CH-07	CH-73-1	CH-24	CH-71	CH-60	CH-78	CH-75	CH-39	CH-21	CH-47	CH-19	CH-43	CH-03	CH-27	CH-102	CH-50	CH-65	CH-90	CH-26	CH-64	CH-93	CH-35	CH-11	CH-86	CH-69	CH-70	CH-34-1	CH-31	CH-37	CH-81	CH-09	CH-33	CH-13	CH-20	CH-29	CH-85	CH-28	CH-66	CH-01	CH-12	CH-62	CH-84	CH-30-1	CH-16-1	CH-46	CH-67	CH-49	CH-68	CH-103	CH-18	CH-98	CH-74	CH-08	CH-104	CH-76	CH-04	CH-58	CH-53	CH-02	CH-61	CH-05	CH-77	CH-87	CH-94	CH-55	CH-91	CH-23	CH-57-1	CH-40	CH-97	CH-88	CH-92	CH-89	CH-95-1	CH-54
CHEBI:81243				α-muricholic acid																	primary	0.4734	59.6142	8.6765	2.9843	15.8323	1.1596	84.5049	599.2191	52.4913	1.7643	43.0739	780.3729	18.6339	1.2338	21.9107	8.6703	30.8107	20.2829	924.4139	62.6907	22.5356	33.2945	39.7247	27.6821	3.7564	16.5697	9.7083	129.8829	38.4181	2.5322	32.0365	3.1979	13.5449	5.2939	3.7611	0.0165	0.8156	4.1988	6.1592	37.0784	223.6457	0.9433	0.4755	3.2873	0.0045	0.0676	1.5655	5.0769	0.5497	1.3425	0.2284	1.0627	27.4824	3.7983	0.9396	1.1512	1.2086	2.2089	0.0466	5.2282	0.5384	0.2742	0.1119	0.6356	0.5615	233.7247	0.0032	0.0022	0.0810	0.0348	0.0217	0.0013	0.0779	1.0618	0.0204	0.0438	0.0639	0.4051	0.0222	204.1465	0.2678	1.1740	0.2192	0.0902	0.1398	0.5062	4.1774	0.7206	0.0867	41.9219	0.4734	0.1181	3.0660	5.3701	0.0185
CHEBI:81308				allocholic acid																	primary	28.3217	57.9794	6.4409	21.5687	4.0081	3.0135	19.0097	11.0060	19.1758	5.4854	22.5401	21.1150	320.0567	4.2182	132.9631	31.4876	40.2013	72.8507	42.8320	33.0196	96.2470	63.7767	236.8487	7.9937	30.4462	89.2645	36.3656	2.1876	95.4848	37.0664	93.9533	27.8955	13.3521	0.1558	3.6057	0.0571	1.3740	57.4886	10.5231	0.6821	1.8609	0.4973	1.7994	0.5503	0.4462	0.9189	0.8261	0.5424	0.6687	0.7510	0.9980	0.9076	0.8409	0.7819	0.9102	0.5549	0.6081	0.6080	0.4889	0.7509	0.7226	0.8135	0.4397	0.0436	0.0671	51.4099	0.0471	0.0585	0.6265	0.0424	0.5690	0.0452	0.1330	0.0921	0.0720	0.0295	0.1028	0.0411	0.0931	7.3682	0.1380	0.0942	0.8385	0.5649	0.0339	0.8086	0.2286	0.0554	0.0622	1.1576	0.5427	0.7566	0.4229	0.8778	0.0799
CHEBI:81298				β-muricholic acid																	primary	39.1732	26.2723	1.5287	8.6528	7.7823	0.6296	34.5359	4.9749	4.9664	9.0701	9.9247	6.9817	33.9119	3.0951	10.5735	7.4476	3.3799	5.8111	42.3680	28.3121	10.8604	18.3000	18.3484	4.1874	4.0564	9.4227	3.1208	0.4886	12.4341	8.5940	32.3066	2.3863	3.8788	0.3130	0.2761	0.0268	7.3636	8.4754	1.8020	0.6991	1.8640	0.0253	0.1152	0.0216	0.0212	0.0514	0.1007	0.0699	0.0256	0.0536	0.0690	0.1020	0.3950	0.1156	0.0781	0.0421	0.1370	0.0286	0.0120	0.0637	0.0356	0.0820	0.0252	0.0276	0.0259	27.7226	0.0043	0.0044	0.0565	0.0122	0.0217	0.0168	0.0748	0.7091	0.0349	0.0040	0.0306	0.0134	0.0155	3.8268	0.0246	0.2477	0.1256	0.0509	0.0644	0.0235	0.2448	0.0185	0.0153	0.4318	0.0258	0.0442	0.0373	1.5880	0.0371
CHEBI:16359		[H][C@@]12C[C@H](O)CC[C@]1(C)[C@@]1([H])C[C@H](O)[C@]3(C)[C@]([H])(CC[C@@]3([H])[C@]1([H])[C@H](O)C2)[C@H](C)CCC(O)=O	InChI=1S/C24H40O5/c1-13(4-7-21(28)29)16-5-6-17-22-18(12-20(27)24(16,17)3)23(2)9-8-15(25)10-14(23)11-19(22)26/h13-20,22,25-27H,4-12H2,1-3H3,(H,28,29)/t13-,14+,15-,16-,17+,18+,19-,20+,22+,23+,24-/m1/s1	cholic acid																	primary	1310.4317	3348.5200	404.8704	1341.3716	319.5790	238.0983	2192.7922	1225.3578	1823.1477	221.5885	976.9108	1877.3027	4538.5559	189.4858	3333.1029	1800.8649	1939.0456	2167.4396	3132.1483	2999.7561	3868.0604	3925.3000	6201.4996	559.6526	1181.9346	1923.5194	2624.4083	1208.0057	4054.2048	1442.3599	4732.2769	1326.5077	1333.2220	264.0494	773.3587	74.7749	4473.7416	1641.2850	857.6722	933.8626	1003.8640	22.3195	120.4186	31.1326	8.3133	32.6757	70.8662	65.5574	9.7067	16.5094	224.9269	55.1076	143.8415	18.0215	41.2661	85.4392	24.1996	10.8205	21.3051	20.8480	15.2529	12.0461	22.7430	22.5582	72.4028	4529.3299	6.4791	6.1375	51.7014	10.5892	27.7511	0.8697	277.2145	27.4073	25.7113	3.4622	14.4750	7.1907	57.7817	1775.4357	27.1345	50.0975	220.0603	51.0536	10.2398	17.8469	257.0652	27.4596	17.1449	610.5192	15.6823	96.9759	46.4444	293.0491	26.9440
CHEBI:16755		[H][C@@]12C[C@H](O)CC[C@]1(C)[C@@]1([H])CC[C@]3(C)[C@]([H])(CC[C@@]3([H])[C@]1([H])[C@H](O)C2)[C@H](C)CCC(O)=O	InChI=1S/C24H40O4/c1-14(4-7-21(27)28)17-5-6-18-22-19(9-11-24(17,18)3)23(2)10-8-16(25)12-15(23)13-20(22)26/h14-20,22,25-26H,4-13H2,1-3H3,(H,27,28)/t14-,15+,16-,17-,18+,19+,20-,22+,23+,24-/m1/s1	chenodeoxycholic acid																	primary	121.3199	245.1303	90.9400	389.2475	35.8919	281.8512	206.8375	221.5357	439.5302	62.2178	88.9199	409.4584	415.1078	174.9362	513.2647	228.2876	347.7826	206.7161	342.8821	227.8570	769.0027	376.5562	736.6910	68.1305	415.8615	316.2114	308.6552	281.8886	588.1536	193.2914	485.7994	300.1425	396.8771	80.7471	202.5870	154.0502	367.5481	167.0196	270.1592	199.6559	178.4365	38.1042	172.2019	6.5849	14.7030	8.7919	67.1897	83.0842	121.7979	10.1892	165.1350	28.4900	105.6149	38.8057	18.7479	108.4851	16.9550	9.8571	8.6377	29.4110	12.0427	11.4596	26.1470	42.6604	45.0266	546.4208	1.6513	1.4625	99.1707	3.8786	12.9034	1.1303	99.4462	157.1915	7.0451	1.5873	12.5426	15.8797	46.4565	365.5146	16.0047	129.2073	202.0538	14.3592	4.4568	5.7519	215.1335	55.8596	91.9418	150.9735	12.3605	54.8803	62.8529	129.8347	13.2506
CHEBI:81244		C1[C@@]2([C@]3(CC[C@]4([C@]([C@@]3([C@@H]([C@@H]([C@@]2(C[C@@H](C1)O)[H])O)O)[H])(CC[C@]4([H])[C@@H](CCC(O)=O)C)[H])C)[H])C	InChI=1S/C24H40O5/c1-13(4-7-19(26)27)15-5-6-16-20-17(9-11-23(15,16)2)24(3)10-8-14(25)12-18(24)21(28)22(20)29/h13-18,20-22,25,28-29H,4-12H2,1-3H3,(H,26,27)/t13-,14-,15-,16+,17+,18+,20+,21-,22+,23-,24-/m1/s1	hyocholic acid																	primary	18.1439	59.8774	10.9991	10.3699	15.3411	5.3811	3.0058	6.7045	30.3168	8.6892	60.1094	8.9475	99.0805	5.7150	87.3799	12.8908	90.3732	102.1972	76.6720	109.8308	156.4161	139.7123	236.5319	65.0705	64.0615	125.3867	97.8813	12.5238	198.0875	32.9603	64.8604	15.4491	53.2353	1.1548	13.2567	0.5351	5.3545	25.7363	79.5572	17.1210	46.1777	0.6958	5.0415	0.3387	0.1798	0.3162	1.1058	1.0908	0.2369	0.2473	2.3391	1.4859	3.7139	0.3116	3.8798	2.1802	0.5764	0.4366	0.1827	0.7185	0.4214	0.2854	0.3238	0.5502	0.8594	109.3756	0.0674	0.0424	0.4510	0.0329	0.5653	0.0026	0.9403	0.5673	0.2902	0.0717	0.5676	0.0812	0.9341	39.5108	0.5497	0.5943	0.9423	0.7198	0.2763	0.2716	2.5450	0.4758	0.0357	8.4199	0.4032	1.2329	0.4216	2.9437	0.2296
CHEBI:17687				glycocholic acid																	primary conjugated	50.2885	21.9200	0.3243	4.6875	0.4395	11.8646	10.8544	1.2010	3.4228	0.2420	6.7484	2.9558	15.8370	0.1455	0.5696	1.6541	3.5114	0.5161	3.8944	10.8047	1.1195	1.6233	1.9011	0.7726	1.0897	1.4825	0.2771	0.4590	0.2133	1.5634	3.9977	0.4063	1.0336	2.3228	0.2008	6.0312	424.1429	5.3788	0.2595	74.1982	0.5543	0.6828	0.7938	0.0069	0.0128	0.0095	0.0298	0.2589	0.0154	0.0387	0.1909	0.0313	0.0830	0.3739	0.0047	12.3891	0.0822	0.0179	0.0063	0.0073	8.5985	244.2315	1.5192	0.0080	3.3993	11.0390	0.0000	0.0000	69.6605	0.0151	0.0080	0.0000	94.4457	0.0133	0.2669	0.0000	0.0056	0.1491	0.2958	8.6089	0.0327	0.4694	0.3821	0.0439	0.0025	0.0111	0.7505	0.0527	1.0143	0.3987	0.0048	0.0112	0.8889	0.5665	0.2460
CHEBI:36274				glycochenodeoxycholic acid																	primary conjugated	5.3228	1.7768	0.4365	1.5038	0.3121	231.6983	6.5191	0.3437	6.1087	0.4204	5.0718	3.3628	9.1544	0.4101	0.3133	0.4638	0.6617	0.3567	0.6283	2.0495	2.6161	0.4849	0.6925	0.2368	0.9397	1.3355	0.4448	0.0848	7.0187	1.2717	1.4108	0.0939	2.4099	2.5697	0.1692	17.0303	106.1818	0.7070	0.9485	78.6687	0.2365	2.6023	2.5659	0.0233	0.0616	0.0608	0.1790	2.6050	0.3877	0.2051	0.3624	0.0008	0.0495	2.2765	0.0327	15.3364	0.2236	0.0563	0.0346	0.0366	20.2931	84.9416	7.2742	0.1378	10.0378	12.6826	0.0909	0.0614	541.2272	0.0489	0.0477	0.0000	100.9787	0.9358	0.3113	0.0677	0.1435	1.7213	1.0316	24.9554	0.1427	17.1773	1.3679	0.0193	0.1331	0.0099	1.1267	0.1109	20.6286	0.2278	0.0508	0.0088	3.5124	0.9509	1.5373
CHEBI:133176				glycohyocholic acid																	primary conjugated	0.3958	0.2516	0.0383	0.0267	0.0331	0.0822	0.0958	0.0281	0.1020	0.0038	0.1094	0.0000	0.2208	0.0279	0.0000	0.0724	0.1007	0.0470	0.0608	0.1636	0.2067	0.0411	0.0330	0.0853	0.0628	0.1242	0.0167	0.0000	0.0000	0.0436	0.0171	0.0000	0.0793	0.0494	0.0259	0.1411	8.4169	0.1066	0.0696	4.1568	0.0396	0.0138	0.1015	0.0000	0.0000	0.0189	0.0000	0.0060	0.0000	0.0000	0.0010	0.0000	0.0000	0.0068	0.0107	0.1625	0.0000	0.0000	0.0000	0.0000	0.0000	0.0034	0.0702	0.0649	0.1154	0.3574	0.0342	0.0234	2.9061	0.0301	0.0000	0.0413	1.0847	0.0485	0.0262	0.0263	0.0296	0.0329	0.0709	0.0866	0.0374	0.3406	0.0026	0.0000	0.0398	0.0000	0.0281	0.0296	0.0388	0.0000	0.0000	0.0000	0.0150	0.0000	0.0264
CHEBI:133057				Tauro-beta-muricholic acid																	primary conjugated	2.6060	3.5471	0.0252	0.1971	0.0000	0.1946	1.9612	0.5266	19.5477	0.4599	0.0836	1.1552	0.5215	0.1345	0.5126	0.1676	0.1973	0.4276	1.6309	0.0860	0.5154	5.5233	1.1656	0.8453	0.3103	0.4768	1.6365	0.2238	4.7349	0.5821	0.2108	0.7726	1.9713	0.0077	0.0996	0.0000	100.0416	0.3944	0.7893	9.4164	0.0924	0.5050	0.1214	0.0000	0.0674	0.1230	0.0765	0.6303	0.1026	1.9886	0.0741	0.0651	8.5375	1.5343	0.0741	4.9912	0.0934	0.0000	0.0656	0.0856	0.8397	43.1247	0.0510	0.0658	0.0084	4.8156	0.0000	0.0000	0.3245	0.0000	0.0446	0.0000	0.2171	0.0061	0.0073	0.0000	0.0000	0.0000	0.0000	0.9567	0.0000	0.7666	0.4628	0.0555	0.0000	0.1469	0.0000	0.0000	0.0480	1.5272	0.0718	0.0538	0.1248	0.2503	0.0000
CHEBI:28865				taurocholic acid																	primary conjugated	165.6748	11.4503	0.4191	2.6365	0.4395	6.2680	6.7922	1.0744	26.4295	0.4306	8.1882	3.2319	24.0172	0.2063	2.3573	2.9103	1.7852	0.3714	6.0139	2.4617	1.4362	10.3219	3.4007	1.7663	1.4705	1.1649	0.4448	0.1505	1.0795	2.3972	1.8188	0.4011	2.5983	22.9871	0.1441	0.0926	4.9494	6.1090	0.7425	2.5690	0.2609	2.8858	0.1313	0.0458	0.0366	0.0716	7.8499	1.2785	0.0944	0.4410	0.0711	0.0651	0.2229	0.4986	0.0327	62.0893	0.1430	0.0527	0.0600	0.0324	10.5374	178.6303	0.5232	0.0302	4.5021	67.6010	0.0139	0.0117	275.6789	0.0395	0.0316	0.0194	64.0914	0.2376	0.1782	0.0096	0.0231	0.1254	0.1873	14.9338	0.0491	0.4948	20.2346	0.0763	0.0246	0.0963	0.1620	0.0055	1.1561	0.2649	0.0298	0.0418	0.2268	2.8671	0.2381
CHEBI:16525				taurochenodeoxycholic acid																	primary conjugated	108.8212	1.4619	0.3357	0.6806	0.4242	11.1818	2.0841	0.6080	77.1409	0.8115	8.4787	10.6313	18.0435	0.5125	0.6071	0.7578	0.4899	0.4249	0.7136	1.7280	2.0993	13.9137	1.2860	0.3989	1.2295	1.4882	1.2958	0.0410	13.2043	1.1459	1.2980	0.1045	29.6441	0.3944	0.1854	0.2762	802.8636	0.7968	2.5753	323.0091	0.1777	10.8889	1.4675	0.0717	0.1201	0.0500	0.1007	7.7890	0.5313	1.0667	0.1523	0.0602	0.1003	3.7280	0.0280	136.0994	0.4754	0.0321	0.2039	0.0397	15.0565	69.7640	5.7225	0.2960	29.7685	122.7699	0.0342	0.0278	8.7816	0.1101	0.4074	0.0297	82.6940	10.9952	0.2698	0.0239	0.0157	0.9851	1.1546	31.2268	0.1310	23.4604	164.2744	0.0285	0.2237	0.0605	0.7855	0.0065	20.5255	0.0901	0.1492	0.0426	1.4288	3.8108	4.2923
CHEBI:52022				taurohyocholic acid																	primary conjugated	21.5407	1.4013	0.0600	0.2180	0.0210	0.1259	0.3016	6.3759	3.2537	0.3185	0.0355	9.5693	21.1291	0.0406	1.8201	0.0897	0.2430	3.3032	0.2816	0.0804	3.4201	154.6151	8.8086	0.8874	0.3487	0.2891	25.1740	0.0143	70.8491	12.4401	0.0217	0.2185	3.2298	0.0529	1.3433	0.0710	104.7182	0.6381	7.2575	152.2492	0.0365	1.8207	0.1164	0.0156	0.0507	0.0635	0.2928	0.5664	0.0400	0.3271	0.2782	0.1558	2.4186	0.3139	0.0948	7.4577	0.1559	0.0125	0.0628	0.0439	5.3618	20.8528	0.5940	0.2667	2.7406	13.6935	0.0171	0.0007	45.6136	0.0094	0.2774	0.0426	10.4094	1.0448	0.1273	0.0693	0.0093	0.0216	0.1064	2.4930	0.0725	4.0474	4.1462	0.0987	0.0161	0.1593	0.0188	0.0009	0.0378	0.1245	0.0508	0.0442	0.1588	1.6922	0.2938
CHEBI:139132				23-Nor deoxycholic acid																	secondary	0.0896	0.1406	0.1278	0.1484	0.1226	0.6007	0.0751	0.1226	0.1074	0.0917	0.0348	0.1392	0.1397	0.2055	0.0932	0.0854	0.0926	0.1419	0.0981	0.0813	0.1302	0.1247	10.3656	0.0400	0.1077	0.0654	0.0260	0.1867	0.0725	0.0548	0.1698	0.0644	0.1807	0.0967	0.0972	0.1177	0.0532	0.1130	0.1753	0.0766	0.1391	0.0881	0.1783	0.0380	0.0340	0.1108	0.1324	0.0725	0.0985	0.0798	0.1746	0.0795	0.0954	0.1643	0.0394	0.1187	0.1225	0.0714	0.0607	0.0585	0.0957	0.0472	0.0808	0.1253	0.1720	0.0997	0.1401	0.0804	0.0537	0.2419	0.1895	0.3110	0.1527	0.1661	0.1149	0.1841	0.1500	0.1203	0.2970	0.1197	0.1333	0.0881	0.0615	0.0617	0.0941	0.0877	0.0921	0.1330	0.1224	0.0795	0.0500	0.0675	0.0614	0.1042	0.0884
				3-dehydrocholic acid																	secondary	489.1619	459.2800	94.1078	75.8238	155.6702	16.7010	905.2531	123.7869	29.6134	239.3809	68.4627	133.8077	140.3777	36.8313	81.9715	273.1838	594.8617	129.0977	510.2901	534.6692	101.5785	1429.4795	77.6201	40.3695	41.5154	36.3194	19.6927	11.4533	85.5723	143.1093	850.1162	14.7641	66.0705	6.8696	29.0057	1.2693	140.9494	131.7403	22.8468	20.1410	25.5878	1.4375	4.6353	1.3287	8.0128	6.3230	3.2438	3.3890	0.8021	1.9989	8.0954	4.7076	5.8353	2.0023	9.2982	1.9992	2.2321	0.7768	1.5429	2.0115	0.5374	0.5180	0.8457	5.9609	1.0846	271.8629	0.6717	0.2567	2.0293	0.3802	2.1108	0.1394	5.2686	1.5673	2.2691	0.1857	3.5213	0.2334	2.2681	155.6471	2.7696	1.2801	18.2782	6.7121	2.0186	2.2296	82.7301	1.0725	0.7745	33.6728	1.1468	11.4876	1.5837	14.1138	3.3611
				7-dehydrocholic acid																	secondary	805.5062	1610.1071	676.8730	421.2858	1273.0573	122.3630	2354.9502	383.2281	1631.4953	1515.6955	962.3366	471.6378	1047.4775	204.5666	933.9249	297.3946	2143.5262	801.9318	806.8267	1187.4766	1475.0295	836.6041	360.1362	481.8105	18.8064	52.9678	27.5563	2517.8495	51.4272	1025.4271	2165.9157	369.9451	1197.7598	248.5628	59.8656	22.3853	98.0117	1088.0850	1376.5726	2417.7775	405.1482	2.8782	5.0031	2.4510	0.1220	5.5041	3.7520	2.3720	0.6513	3.1031	10.3929	24.7984	2.3827	2.7286	4.0407	4.3234	2.9182	1.7580	0.3231	4.5149	1.2539	2.0921	2.9079	3.0427	0.2944	2741.8192	1.0182	0.2647	7.2190	0.4678	7.3870	0.6981	8.4852	0.9661	0.6189	0.4104	21.1861	1.5003	0.7501	1602.2662	1.5801	0.5349	6.5244	9.7171	0.6534	2.3506	5.1582	2.7954	0.5867	4.1166	6.4532	11.4506	0.4052	3.7868	3.3241
				7-ketolithocholic acid																	secondary	101.6038	133.1603	92.8253	13.0261	39.6612	79.9379	29.3348	10.0164	180.2529	62.1666	22.4937	17.0344	21.6773	77.1443	17.8250	23.5882	151.4315	4.7648	78.8327	53.5679	91.4356	13.9432	17.1255	10.6259	0.7488	3.0647	1.0114	225.6284	29.2175	95.9815	283.8563	0.6350	135.6406	10.0700	1.8155	3.4620	1.5780	50.5823	88.3365	102.8400	12.3811	0.8135	1.4688	0.1331	0.0732	0.1526	0.5257	0.7758	10.7363	0.2276	0.8110	1.1083	1.3389	0.8440	0.4442	1.8311	0.3635	0.2195	0.0128	0.6164	0.2168	0.2810	0.5646	8.5480	0.1109	29.0210	0.0484	0.0248	0.8927	1.8247	0.3574	0.0715	0.6819	6.9379	0.0725	0.0424	1.4205	0.2846	0.0811	48.9463	0.1266	1.6981	0.6298	0.3970	0.0460	0.1303	45.5149	0.4658	0.3519	0.7375	0.3385	0.4837	0.2064	24.4679	0.0903
				a-Hyodeoxycholic acid																	secondary	1.3806	1.6052	10.3774	0.2562	1.2355	11.0013	0.2214	0.1487	0.2403	0.5669	1.3449	0.3504	1.1058	1.7514	0.8427	0.1578	0.7664	0.6166	8.0811	2.9196	1.0779	8.6219	1.6301	1.2326	0.7013	0.9289	0.4552	0.3095	1.7045	0.3557	18.3179	0.0528	1.3433	0.0751	0.0713	0.0069	0.9377	0.0593	2.0455	0.7696	0.7279	0.0429	0.1474	0.0233	0.0931	0.0419	0.0718	0.6582	0.1221	0.1675	0.0335	0.0305	7.8353	0.7569	0.0374	0.4076	0.0540	0.0170	0.0205	0.1044	0.0387	457.7517	0.0212	0.7467	0.0112	10.6473	0.0096	0.0095	0.0150	0.0565	0.0161	0.0013	0.0686	3.3115	0.0007	0.0032	0.0259	0.0679	0.0310	1.6255	0.0222	1.7923	0.7397	0.0193	0.0034	0.0173	1.0994	0.0776	0.4010	1.1060	0.2863	0.0859	0.1464	0.6731	0.0349
				β-cholic acid																	secondary	31.7256	1266.6748	43.9504	7.7623	14.3742	7.1340	919.9767	313.1869	289.6711	17.5070	154.1798	407.1611	34.9590	17.8968	35.4809	113.4605	77.5584	124.6581	157.4261	765.6458	24.4067	1.7452	0.7398	110.0347	37.7885	0.0455	0.1688	36.2867	1.0485	1.6344	689.0199	1.7045	151.4645	0.0932	12.6607	0.1697	0.1364	92.6341	36.3625	8.3283	40.7492	0.0253	2.3591	1.2708	0.0848	0.0365	0.2284	0.9431	0.0779	0.0855	0.0964	0.1815	0.0508	0.2074	0.2391	0.0505	0.5456	0.1848	0.7146	0.4710	0.1018	0.0742	0.1762	0.1680	0.0476	508.1506	0.4086	0.0534	0.0497	0.1120	0.0811	0.0452	0.2171	0.0788	0.6989	0.0470	0.0759	0.0648	0.0377	59.9261	1.2667	0.0341	0.0000	0.1888	0.0839	0.0556	11.6094	0.1515	0.0000	17.3868	0.1363	0.0932	1.1026	19.4359	0.5611
				β-deoxycholic acid																	secondary	0.3880	0.3058	0.2843	0.0243	0.0637	185.9886	0.0272	0.0372	0.5128	0.0764	0.0355	0.0625	0.0678	0.1387	0.0375	0.0141	0.2819	0.0166	0.0736	0.1654	0.1315	0.0808	0.0287	0.0274	0.3051	0.0190	0.0000	0.6600	0.0245	0.2580	2.1254	0.0201	0.2347	0.0146	0.0032	0.0087	0.0000	0.0609	0.1378	0.9739	0.0000	0.0000	0.0248	0.0000	0.0167	0.0824	0.0000	0.0000	0.0205	0.0228	0.0000	0.0000	0.0000	0.0000	0.0000	0.0000	0.0000	0.0000	0.0000	0.0000	0.0000	0.0270	0.0000	0.0000	0.0000	0.0094	0.0000	0.0000	0.0000	0.0000	0.0000	0.0000	0.0000	0.0000	0.0000	0.0000	0.0000	0.0000	0.0000	0.0930	0.0000	0.0187	0.0000	0.0000	0.0000	0.0000	0.0691	0.0000	0.0000	0.0000	0.0000	0.0000	0.0150	0.0311	0.0000
				β-Hyodeoxycholic acid																	secondary	0.0000	282.2181	149.8696	13.0180	6.2419	0.4781	42.6887	5.2302	13.5114	4.8178	139.5010	15.4183	10.5904	162.9057	123.6065	34.7049	7.0416	0.9419	436.6741	170.4626	25.3114	29.1973	8.6380	83.2263	0.3449	1.4133	0.6021	0.3848	19.5392	3.3399	454.0581	1.6633	32.5917	0.5037	4.9425	0.8312	332.9377	0.0000	1.8943	1.1891	296.6244	3.3762	2.7517	0.1089	0.0000	0.0000	6.8354	273.3937	23.7703	8.0934	1.5482	4.4876	823.7622	327.9252	4.0741	0.0000	6.1619	6.5813	0.0085	0.0000	20.3094	0.0000	0.0728	481.9307	0.3455	229.9148	0.0000	0.0000	0.1327	58.9393	0.0310	0.0000	0.0270	0.5879	3.0662	0.0000	0.0954	18.3383	0.3224	905.7197	1.0515	281.0170	0.0000	0.0778	0.9271	0.6704	138.8606	10.5561	224.6316	180.7497	0.0000	0.0972	37.2699	200.7174	0.0706
				β-ursocholic acid																	secondary	32.6067	462.4232	185.6139	1.2823	0.9484	0.3421	111.5612	0.8161	0.0926	0.0395	242.8369	2.4767	0.7200	63.4782	16.1786	24.9978	0.1342	0.2212	22.1792	251.2794	0.4765	0.1562	0.5247	253.4000	0.0744	0.0322	0.0156	0.0057	0.1856	0.0316	444.9379	0.0401	11.6386	0.0174	0.1312	0.0502	0.0844	0.1547	0.0548	0.1143	0.1096	0.0146	0.0161	0.0009	0.0000	0.0000	0.1184	0.0100	0.0051	0.0604	0.0619	0.1365	0.0520	0.0227	0.0521	0.0008	0.0925	0.0036	0.0000	0.0512	0.0244	0.0315	0.0132	0.0107	0.0091	0.8603	0.0128	0.0000	0.0041	0.0038	0.0161	0.0168	0.0187	0.0242	0.1396	0.0008	0.0361	0.0093	0.0011	0.0076	0.0129	0.0000	0.0103	0.0108	0.0059	0.0123	0.2849	0.0148	0.0235	0.0079	0.1363	0.0088	0.0046	0.6635	0.0150
				β-ursodeoxycholic acid																	secondary	40.4995	36.2723	82.6713	1.0296	0.8621	0.6788	9.5871	0.4623	0.2013	3.4025	20.1603	1.8301	0.1023	28.5218	0.8647	1.1243	0.2779	0.2101	113.6021	45.9766	0.5584	1.3644	0.5806	8.2484	0.4962	0.0910	0.0729	0.0133	0.4309	0.1743	334.1276	0.0834	0.7636	0.0209	0.0146	0.0139	0.0519	0.7800	0.0642	0.0377	1.6721	0.0054	0.1251	0.0060	0.0083	0.0014	0.3179	0.6576	0.3426	0.0319	0.0426	0.1984	6.1659	2.5915	0.1937	0.0413	0.3315	0.1161	0.0000	0.4512	0.0621	0.2494	0.0013	0.5404	0.0154	1.5283	0.0096	0.0007	0.0667	0.0245	0.0037	0.0026	0.0010	1.7055	0.0189	0.0024	0.0083	0.0082	0.0111	5.7236	0.0023	0.5035	0.3667	0.0015	0.0076	0.0025	12.1407	0.5672	0.2286	4.9325	0.2032	0.0048	0.2941	46.4707	0.0050
CHEBI:28834		[H][C@]12CC[C@@]3([H])[C@]4([H])CC[C@]([H])([C@H](C)CCC(O)=O)[C@@]4(C)[C@@H](O)C[C@]3([H])[C@@]1(C)CC[C@@H](O)C2	InChI=1S/C24H40O4/c1-14(4-9-22(27)28)18-7-8-19-17-6-5-15-12-16(25)10-11-23(15,2)20(17)13-21(26)24(18,19)3/h14-21,25-26H,4-13H2,1-3H3,(H,27,28)/t14-,15-,16-,17+,18-,19+,20+,21+,23+,24-/m1/s1	deoxycholic acid																	secondary	167.3700	305.1652	116.2409	0.9612	43.3871	0.0000	281.0162	285.4412	675.5503	68.6408	104.2676	1.5150	0.0000	253.4266	0.0000	332.9276	471.4644	307.9825	1.6096	302.4000	11.9409	142.5685	0.0000	76.0032	634.4910	493.5972	0.0000	405.6419	5.6181	268.3923	2.9675	421.6169	1.3355	104.4334	316.7077	214.1835	621.6714	242.5138	388.4803	272.7477	247.3827	42.0628	0.2365	7.1421	15.9673	0.1595	0.5883	0.0140	141.7426	11.0405	0.1513	0.6361	1.2632	0.0601	0.0093	127.3457	0.0617	10.6714	0.0882	0.2371	13.0361	12.4090	0.0589	51.7271	55.3965	0.0000	0.1380	0.0000	118.1905	0.5534	0.5368	0.5974	126.0010	206.2727	0.0000	0.4120	14.7361	18.6961	56.0321	625.4000	18.8058	183.5212	243.4782	15.5653	0.0864	0.1568	337.7458	68.4831	115.8602	174.9921	13.3847	61.3815	71.8046	149.7988	15.6506
CHEBI:16325		[H][C@]12CC[C@]3([H])[C@]([H])(CC[C@]4(C)[C@]([H])(CC[C@@]34[H])[C@H](C)CCC(O)=O)[C@@]1(C)CC[C@@H](O)C2	InChI=1S/C24H40O3/c1-15(4-9-22(26)27)19-7-8-20-18-6-5-16-14-17(25)10-12-23(16,2)21(18)11-13-24(19,20)3/h15-21,25H,4-14H2,1-3H3,(H,26,27)/t15-,16-,17-,18+,19-,20+,21+,23+,24-/m1/s1	lithocholic acid																	secondary	0.5587	0.0839	2.4226	0.1159	1.5282	197.7892	0.5152	0.0513	0.1114	0.3465	0.7965	0.2867	0.0091	3.1975	0.1761	0.0000	0.1544	0.0000	5.9435	0.8327	0.3369	20.2932	0.2824	0.0389	0.1372	0.1355	0.0719	0.1457	0.1632	0.6221	6.1846	0.0391	0.4804	0.0188	0.0000	0.0000	0.0000	0.8096	0.0000	0.0000	0.0000	0.0460	0.0582	0.0467	2.6100	0.4581	0.1007	0.5105	0.0359	0.1345	0.0680	0.0426	1.0625	1.0244	0.0361	0.2265	0.1156	0.0170	0.0522	0.0689	0.0254	0.1831	0.0450	10.9867	0.0000	0.3751	0.0000	0.0000	0.0150	0.0000	0.0440	0.0000	0.0000	1.6788	0.0000	0.0000	0.0000	0.0000	0.0000	5.5414	0.0000	0.9336	0.2962	0.0162	0.0000	0.0235	0.9186	0.0637	0.3888	0.3815	0.3218	0.0956	0.0974	0.2036	0.0000
				muroCA																	secondary	0.1855	0.1006	0.0052	0.2655	0.0371	0.0397	0.0466	0.4844	0.2738	0.1261	0.4530	0.0850	0.4162	0.0423	0.3340	1.4249	0.0899	0.1926	0.4981	0.1710	0.9839	1.3466	0.6079	0.2705	0.1782	0.1896	0.2896	0.1619	0.1760	0.1174	0.0821	0.2850	0.1091	0.0668	0.0235	0.0173	0.0532	0.0305	0.0428	0.0571	0.0010	0.0575	0.0656	0.0415	0.0687	0.0811	0.0457	0.0732	0.0749	0.1048	0.0497	0.0602	0.0000	0.1881	0.0494	0.2072	0.0660	0.0438	0.0317	0.0491	0.0550	0.1584	0.0550	0.0098	0.0000	0.9631	0.0000	0.0022	0.1129	0.0075	0.0316	0.0077	0.0062	0.6448	0.0080	0.0032	0.0259	0.0134	0.0211	0.1427	0.0175	0.1062	0.1244	0.0347	0.0000	0.0914	0.0665	0.0111	0.0878	0.0768	0.0556	0.1052	0.0431	0.0778	0.0214
				NorCA																	secondary	5.4392	25.6413	4.2122	4.6968	0.7573	5.3064	8.2201	3.2161	3.1262	1.2280	21.1449	3.2283	3.7266	1.7734	6.2460	7.6259	0.7235	1.4599	1.9445	10.8196	1.4389	4.0932	5.2674	16.7800	5.3756	1.1962	0.5469	0.2210	1.5691	5.0383	14.1538	1.2855	1.3014	0.1308	0.0810	0.0424	1.7260	12.5739	0.3411	0.9362	1.4274	0.0383	0.1399	0.0354	0.0244	0.0730	0.0811	0.0785	0.0144	0.0444	0.1117	0.0779	0.0607	0.0453	0.2451	0.0648	0.0325	0.0384	0.0409	0.0940	0.1333	0.4607	0.1099	0.0444	0.0203	5.1325	0.0150	0.0168	0.2728	0.0198	0.0149	0.0077	0.1143	0.0594	0.0575	0.0072	0.1880	0.0432	0.0299	0.5898	0.0643	0.1503	0.0974	0.0678	0.0992	0.0593	0.2601	0.1330	0.0235	0.3033	0.0379	0.3068	0.0549	0.8359	0.0471
CHEBI:81240				ursocholic acid																	secondary	0.0000	0.0000	0.0000	9.7403	13.3718	2.4424	257.7217	0.6131	2.1436	5.8268	0.0000	16.2112	4.3656	345.7353	0.0000	253.4562	5.8899	1.7954	0.0000	0.0000	6.3450	5.9726	3.2659	0.0000	0.2641	0.5687	0.1167	0.0743	1.6139	8.5279	0.0000	1.2485	5.5251	0.1280	1.3587	0.1688	0.1805	7.9840	0.5900	0.7660	1.5898	0.0421	0.8681	0.0121	0.0000	0.0459	2.1138	0.2290	0.2728	0.2131	0.8274	1.5526	2.3418	1.2351	1.0090	0.1474	1.5897	0.3223	0.0776	1.0747	0.5201	0.3494	0.0583	0.1004	0.0399	9.6613	0.0160	0.0468	0.0109	0.0847	0.0006	0.0284	0.1434	0.2061	0.0211	0.0191	0.0315	0.0175	0.0388	0.6650	0.0643	0.0821	0.1936	0.0239	0.0119	0.0062	1.0397	0.0286	0.0153	0.1126	0.0694	0.0273	0.0216	7.5701	0.3230
CHEBI:9907		[H][C@@]12C[C@H](O)CC[C@]1(C)[C@@]1([H])CC[C@]3(C)[C@]([H])(CC[C@@]3([H])[C@]1([H])[C@@H](O)C2)[C@H](C)CCC(O)=O	InChI=1S/C24H40O4/c1-14(4-7-21(27)28)17-5-6-18-22-19(9-11-24(17,18)3)23(2)10-8-16(25)12-15(23)13-20(22)26/h14-20,22,25-26H,4-13H2,1-3H3,(H,27,28)/t14-,15+,16-,17-,18+,19+,20+,22+,23+,24-/m1/s1	ursodeoxycholic acid																	secondary	190.1820	289.8232	183.7078	12.8290	6.8637	10.9199	46.3055	5.6523	13.7181	5.4293	141.9394	15.5186	11.5889	198.6765	120.5230	37.2119	7.2698	1.2553	589.8773	173.3150	25.3906	27.6123	9.0208	81.5347	0.9782	1.6863	0.7458	0.5781	19.5915	3.3652	589.7060	1.8544	32.7614	0.5586	5.1619	0.8779	417.9390	9.6345	2.3559	1.7605	405.9127	3.2444	2.6960	0.1771	0.1438	0.2676	6.5716	300.8153	22.8574	7.7550	1.5563	4.3221	0.0000	345.6521	3.9606	136.9381	5.9657	6.2777	0.0586	10.6903	19.4351	335.9955	0.1695	0.0000	0.3818	276.8291	0.4952	0.1623	0.2497	64.2155	0.0842	0.3677	0.2878	0.0000	3.2509	1.1092	0.3352	19.4653	0.3579	0.0000	1.1462	0.0000	456.8103	0.1318	0.9763	0.7321	161.3663	11.1898	278.8153	178.4728	152.9387	0.2153	35.9758	201.0096	0.9012
CHEBI:81299				w-muricholic acid																	secondary	8.6483	24.8168	3.1461	0.0661	0.8758	0.3811	13.6828	6.8251	6.7128	0.0357	10.9610	8.5333	1.0177	0.4296	0.7754	2.3578	1.7597	2.7714	105.8891	16.6738	0.2617	0.0945	0.3197	9.6432	1.0397	0.1024	0.0125	0.0000	1.4453	0.1476	5.8986	0.0507	4.5069	0.0306	0.4073	0.0286	1.8208	2.2982	0.9298	0.2334	43.4030	0.0444	0.0000	0.0000	0.0096	0.0000	0.0979	0.7461	0.0390	0.1151	0.0051	0.0257	4.6774	0.1768	0.1169	0.1920	0.1216	0.0429	0.0000	0.2110	0.0153	0.0000	0.0066	0.0427	0.0000	32.4977	0.0364	0.0256	0.0027	0.0320	0.0415	0.0000	0.0623	0.4509	0.1098	0.0287	0.0324	0.0494	0.0521	27.1898	0.0433	0.5242	0.1231	0.0254	0.0000	0.0000	0.8657	0.0684	0.0612	4.9033	0.0242	0.0659	0.1941	4.8335	0.0285
				chenodeoxycholic acid 3-Gln																	secondary conjugated	0.2081	0.3058	0.0000	0.1739	0.1605	0.0000	0.1968	0.0322	0.0832	1.0382	0.3714	0.0330	23.3813	0.0000	0.3612	0.7773	0.5195	18.8046	1.1659	0.3841	3.6872	7.1014	0.4487	1.1495	0.2769	0.2673	1.4031	0.3829	0.3680	0.5947	14.0513	0.8823	0.5653	4.7346	9.8996	4.3143	1.4429	6.9251	0.6462	3.1635	2.5421	0.0575	0.3505	0.0104	0.0103	0.0851	0.0336	1.5161	0.0554	0.0843	0.2112	0.0233	1.7437	0.1303	0.0047	0.4109	0.0069	0.0089	0.0162	0.2945	0.0590	0.1067	0.0517	1.8987	0.4636	3.4816	0.0225	0.0000	0.1014	0.0000	0.0192	0.0000	0.0156	0.0000	0.0000	0.0000	0.0000	0.0000	0.0000	63.0369	0.8784	0.2230	0.1282	0.0185	0.1983	0.0136	0.9151	0.6947	0.0000	0.1921	0.0097	0.0185	0.0464	2.3521	0.1811
CHEBI:27471				glycodeoxycholic acid																	secondary conjugated	0.0000	0.0490	0.0000	0.0197	0.0000	96.6215	0.0000	0.0211	0.0537	0.0268	0.0258	0.0448	0.0091	0.0042	0.0207	0.0000	0.0430	0.0055	0.0341	0.0477	0.0430	0.0808	0.0358	0.0232	0.0603	0.0464	0.0250	0.0248	0.0363	0.0387	0.0536	0.0232	0.0298	0.0070	0.0000	0.0000	0.2312	0.0048	0.0000	0.1252	0.0000	0.0276	0.0359	0.0233	0.0340	0.0554	0.0457	0.0260	0.0256	0.0479	0.0091	0.0241	0.0272	0.0340	0.0087	0.0404	0.0214	0.0116	0.0148	0.0313	0.0590	0.1674	0.0497	0.0000	0.0000	0.0000	0.0000	0.0059	0.3592	0.0000	0.0136	0.0000	0.1413	0.0121	0.0087	0.0000	0.0000	0.0113	0.0000	0.0484	0.0000	0.0207	0.0705	0.0293	0.0000	0.0346	0.0171	0.0074	0.0143	0.0397	0.0347	0.0273	0.0183	0.0275	0.0100
				Glycohyodeoxycholic acid																	secondary conjugated	0.0113	0.1445	0.0835	0.0058	0.0097	0.0599	0.0544	0.0231	0.1503	0.0318	0.0035	0.0307	0.0162	0.0161	0.0026	0.0173	0.0013	0.0157	0.0043	0.1056	0.0027	0.4014	0.0072	0.0084	0.0026	0.0047	0.0021	0.0048	0.0085	0.0070	0.0638	0.0011	0.0375	0.0090	0.0089	0.0095	0.1156	0.1146	0.0161	0.0608	0.0132	0.0015	0.0446	0.0017	0.0032	0.0041	0.0662	0.0073	0.0031	0.1231	0.0030	0.0008	0.0916	0.0465	0.0000	0.0034	0.0009	0.0018	0.0028	0.0386	0.0081	0.0202	0.0066	0.0364	0.0077	0.0738	0.0160	0.0080	0.0150	0.0104	0.0019	0.0142	0.0436	0.0133	0.0204	0.0088	0.0102	0.0134	0.0122	0.0166	0.0129	0.0200	0.0051	0.0008	0.0093	0.0074	0.0281	0.0111	0.0214	0.0026	0.0016	0.0024	0.0013	0.0168	0.0086
CHEBI:37998				glycolithocholic acid																	secondary conjugated	0.0183	0.0374	0.0104	0.0220	0.0056	0.9037	0.0129	0.0191	0.0336	0.0471	0.0132	0.0236	0.0203	0.0389	0.0272	0.0076	0.0510	0.0092	0.0288	0.1692	0.0268	0.0356	0.0272	0.0253	0.0474	0.0209	0.0198	0.0210	0.0277	0.0668	0.0330	0.0201	0.0298	0.0417	0.0073	0.0216	0.0182	0.0104	0.0308	0.0146	0.0071	0.0146	0.0248	0.0268	0.1913	0.2608	0.0196	0.0160	0.0195	0.0775	0.0213	0.0153	0.0248	0.0215	0.0127	0.0429	0.0163	0.0170	0.0148	0.0209	0.0204	0.0494	0.0132	0.0098	0.0049	0.0197	0.0075	0.0051	0.0184	0.0075	0.0161	0.0090	0.0094	0.0121	0.0051	0.0072	0.0065	0.0380	0.0199	0.2739	0.0304	0.1189	0.0462	0.0154	0.0059	0.0358	0.0870	0.0434	0.0194	0.0252	0.0234	0.0233	0.0137	0.0228	0.0086
CHEBI:9347				glycolithocholic acid 3-sulfate																	secondary conjugated	0.1122	0.0774	0.0583	0.0696	0.0629	1.0923	0.0906	0.0744	0.4268	0.1605	0.0704	0.0861	0.1833	0.1116	0.0971	0.0595	0.0926	0.0461	0.0747	0.1140	0.0832	21.5603	0.0918	0.0716	0.1090	0.0863	0.0781	0.0600	0.0672	0.0534	0.0866	0.0749	0.1499	0.0508	0.0397	0.0675	6.9429	0.0425	0.2542	0.7635	0.0497	0.0452	0.0718	0.0501	0.2254	0.3919	0.0559	0.0386	0.0615	0.1117	0.0660	0.0490	0.1313	0.0657	0.0387	0.0514	0.0522	0.0518	0.0416	0.0595	0.0743	0.2427	0.0397	0.0489	0.0350	0.0706	0.0545	0.0358	0.1578	0.0000	0.0359	0.0632	0.1621	0.0630	0.0000	0.0390	0.0472	0.0596	0.1274	0.3350	0.0749	0.1122	0.1718	0.0493	0.0415	0.0716	0.1075	0.0536	0.0510	0.0768	0.0476	0.0514	0.0490	0.0743	0.0378
				glycounodeoxycholic acid																	secondary conjugated	4.5432	1.1510	0.5748	0.0128	0.0105	0.1266	0.5307	0.0070	0.0215	0.0038	0.4453	0.0212	0.0091	0.0702	0.0570	0.0616	0.0134	0.0000	2.0832	0.2607	0.0067	1.9219	0.0000	0.0663	0.0026	0.0019	0.0000	0.0000	0.0000	0.0450	0.8205	0.0000	0.1774	0.0042	0.0000	0.0000	385.9143	0.0200	0.0000	0.0657	0.3726	0.0490	0.0000	0.0026	0.0039	0.0162	0.0476	1.1015	0.0287	0.0900	0.0000	0.0000	0.2006	1.2873	0.0000	1.3693	0.0000	0.0071	0.0141	0.0261	0.9964	308.4124	0.0000	0.0098	0.0042	0.5932	0.0000	0.0000	0.2633	0.0000	0.0000	0.0000	0.0239	0.1200	0.0335	0.0000	0.0000	0.1121	0.0000	2.9605	0.0105	2.8755	0.4051	0.0000	0.0000	0.0025	0.6414	0.0092	25.4602	0.0808	0.0137	0.0265	0.1529	4.9162	0.0000
CHEBI:35421				lithocholic acid 3-sulfate																	secondary conjugated	0.480	1.502	0.119	0.183	0.042	336.502	0.898	0.345	1.412	0.236	5.194	0.890	16.739	0.262	4.445	0.036	4.682	10.127	0.290	7.153	26.071	361.651	14.703	1.386	1.978	16.504	16.054	11.050	12.525	3.789	11.038	3.118	7.545	4.093	0.706	0.307	2.400	0.018	43.827	39.775	14.812	1.009	0.165	0.829	3.189	0.901	0.793	6.919	0.743	0.424	0.722	0.792	12.928	2.832	1.001	3.276	0.254	0.223	0.347	0.044	0.093	0.231	0.448	64.799	0.016	113.742	0.009	0.034	1.365	0.017	0.598	0.034	0.616	0.879	0.137	0.033	0.209	0.239	0.614	23.113	1.157	2.987	0.549	0.136	0.017	0.188	5.482	0.138	0.785	12.637	0.384	0.714	1.874	0.269	0.293
CHEBI:139137				tauro-omega-muricholic acid																	secondary conjugated	5.3580	2.3432	0.0148	2.3884	0.0452	0.0640	0.2447	4.4854	63.2765	1.5312	0.1993	6.4649	37.9301	0.9395	5.8861	0.3222	0.9544	14.0903	3.5499	0.1243	9.2295	112.4616	12.7427	1.5989	0.7923	2.1393	27.7146	0.1981	86.4960	12.3677	0.3054	0.5826	8.2303	0.1593	0.8915	0.0000	39.2455	1.9214	7.8047	20.3477	0.1249	0.4291	0.2192	0.0752	0.0514	0.1243	0.2163	0.2050	0.1477	0.2564	0.1452	0.3124	12.6563	0.3898	0.0835	1.4796	0.2064	0.1384	0.1249	0.1295	2.9964	7.6562	0.1848	0.0347	0.1217	45.7964	0.0000	0.0000	0.4830	0.0000	0.2303	0.0000	1.2634	0.1442	0.1091	0.0534	0.0667	0.0000	0.0000	3.4548	0.0678	0.9255	1.5423	0.1303	0.0000	0.3420	0.0102	0.0000	0.0602	0.3338	0.1298	0.1020	0.2261	2.2359	0.0307
CHEBI:9410				taurodeoxycholic acid																	secondary conjugated	0.0600	0.0400	0.0070	0.0359	0.0089	20.3966	0.0272	0.0231	0.1141	0.2204	8.9763	0.0260	0.0314	0.0101	0.0375	0.0216	0.0765	0.0065	0.0267	0.0364	0.1839	0.0644	0.3125	0.0758	0.0795	0.1621	0.0490	0.0438	0.0587	0.0787	0.0353	0.0253	0.0628	0.0118	0.0057	0.0078	0.3948	0.0112	0.3184	0.5264	0.0112	0.0261	0.0260	0.0190	0.0148	0.0365	0.1100	0.0193	0.0226	0.0501	0.1421	0.0153	0.0297	0.0215	0.0154	144.2762	0.4882	0.0179	0.2032	0.0324	0.0193	0.0697	0.0318	0.0036	0.0070	0.1164	0.0396	0.0314	0.4844	0.1195	0.4204	0.0039	0.0696	0.0109	0.2895	0.0279	0.0185	1.0509	0.0055	0.0675	0.1415	0.0107	0.1769	0.0177	0.0025	0.0407	0.0034	0.0102	0.0071	0.0305	0.0177	0.0169	0.0137	4.0180	0.0029
CHEBI:139138				Taurohyodeoxycholic acid																	secondary conjugated	0.7330	0.2013	0.0452	0.3281	0.0121	0.0653	0.3236	0.2492	0.1544	0.5580	0.0613	0.3162	0.1570	0.1023	0.1489	0.1611	0.2268	0.1806	0.1749	0.0645	0.1128	0.7192	0.3570	0.1621	0.4641	0.0957	0.1333	0.0619	0.3179	0.2285	0.1379	0.1541	0.3317	0.0139	0.0316	0.0130	0.7429	0.1988	0.1485	1.5526	0.0264	0.0483	0.1337	0.0501	0.0360	0.0770	0.0522	0.1404	0.3169	0.0900	0.0579	0.0490	0.1040	0.0646	0.0421	0.1137	0.0540	0.0500	0.0430	0.0804	0.0672	0.6640	0.0563	0.3342	0.0503	0.3626	0.0150	0.0102	0.1054	0.0151	0.0372	0.0181	0.0883	0.0230	0.0320	0.2271	0.0139	0.3105	0.0199	0.1822	0.0246	0.0561	0.1103	0.0432	0.0127	0.1494	0.0145	0.0305	60.3929	0.1404	0.0855	0.0490	0.1373	0.0695	0.0100
CHEBI:36259				taurolithocholic acid																	secondary conjugated	0.0028	0.0439	0.0087	0.0000	0.0000	0.4148	0.0181	0.0010	0.0819	0.3490	0.0223	0.0260	0.1509	0.0186	0.1916	0.0000	0.0081	0.0774	0.0363	0.5841	0.6886	0.0178	0.0215	0.0463	0.1795	0.0152	0.1740	0.0133	0.0277	0.0070	1.1168	0.0464	0.8628	0.0000	0.0486	0.0000	0.0000	0.2902	0.0000	0.0158	0.0426	0.0077	0.0012	0.0000	0.0000	0.0000	0.0000	0.0067	0.0000	0.0046	0.0061	0.0000	0.0384	0.0034	0.0000	0.0084	0.0000	0.0000	0.0042	0.0000	0.0020	0.0000	0.0073	0.0000	0.0000	0.2961	0.0000	0.0000	0.0204	0.0000	0.0006	0.0000	0.0052	0.0000	0.0000	0.0000	0.0000	0.0000	0.0000	0.0089	0.0000	0.0013	0.0013	0.0046	0.0000	0.0000	0.0000	0.0000	0.0000	0.0000	0.0000	0.0000	0.0026	0.0180	0.0000
CHEBI:17864				taurolithocholic acid 3-sulfate																	secondary conjugated	1.1915	0.7548	0.1096	0.6609	0.0677	0.1401	0.2304	0.5950	6.6107	0.7732	0.4355	0.6454	3.0005	0.3180	0.7728	0.0908	0.7356	0.9742	0.5867	0.5206	0.8631	65.3247	3.3563	0.6126	0.7026	0.5299	0.8833	0.5190	0.6656	3.4728	0.7225	0.5763	0.8132	0.0584	0.2202	0.0719	8.6649	0.1106	12.6033	73.2997	0.0944	0.4176	0.6997	0.4691	0.0000	0.0000	0.5147	0.3614	0.5631	0.6188	0.0000	0.4361	0.6972	0.6164	0.3633	0.6720	0.0000	0.0000	0.3880	0.5671	0.6249	1.2045	0.3596	0.0836	0.0811	4.3117	0.0888	0.0000	1.3925	0.0000	0.3585	0.0000	0.3096	1.0109	0.0640	0.0000	0.0769	0.0853	0.1762	3.2701	0.1041	0.0868	1.0551	0.0000	0.0000	0.6704	0.0785	0.0767	0.0847	0.7682	0.4379	0.4361	0.3654	1.7796	0.0592
CHEBI:80774				Tauroursodeoxycholic acid																	secondary conjugated	83.3637	0.6826	0.2757	0.0383	0.0387	0.0101	0.3392	0.1236	0.2067	0.0089	0.1359	0.3221	0.0506	0.1125	0.0867	0.0357	0.0537	0.0461	1.7792	0.0449	0.0255	6.4466	0.0330	0.3558	0.0205	0.0209	0.0438	0.0048	0.0917	0.1076	0.5037	0.0053	2.3791	0.0000	0.0000	0.0000	0.0000	0.0369	0.0281	496.2407	0.0477	0.3326	0.0012	0.0052	0.0006	0.0027	0.0009	3.0469	0.0903	1.2034	0.0020	0.0024	0.6786	4.1518	0.0027	9.1124	0.0034	0.0054	0.0007	0.0282	0.7623	160.8258	0.0166	0.1004	0.0000	0.6629	0.0000	0.0000	1.4776	0.0000	0.0019	0.0000	0.0364	0.4158	0.0000	0.0645	0.0000	0.0895	0.0000	2.5223	0.0000	3.7369	5.8487	0.0008	0.0000	0.0062	0.5194	0.0000	21.5724	0.0238	0.0145	0.0024	0.0438	5.5820	0.0000
				cholic acid:chenodeoxycholic acid																		10.8014549	13.66016234	4.452061082	3.446063159	8.903923067	0.844766085	10.60151957	5.531198396	4.147946251	3.561495465	10.9864185	4.58484335	10.93343807	1.08317139	6.493925553	7.888580548	5.575454075	10.48510168	9.134766621	13.1650814	5.02996996	10.42420858	8.418046793	8.214418145	2.842134956	6.083017839	8.502718446	4.285401526	6.893105474	7.462101347	9.741215467	4.419593157	3.359281554	3.270077709	3.817414417	0.485392968	12.1718549	9.826898064	3.174691994	4.677359835	5.625887574	0.58574991	0.699287322	4.727892941	0.565414847	3.716569321	1.054717531	0.789047856	0.079694829	1.620288558	1.362078717	1.934282492	1.361943624	0.464404602	2.201104185	0.787566175	1.427279616	1.097735507	2.466514211	0.708852669	1.266565247	1.051181488	0.869814092	0.528785448	1.608001491	8.289087901	3.92357513	4.1965	0.5213368	2.730162582	2.150679015	0.769406393	2.787582143	0.174355929	3.649530298	2.1812249	1.154067621	0.452826523	1.243780857	4.857358441	1.695410699	0.387729472	1.089116889	3.555472063	2.297585092	3.102811762	1.194910484	0.491582325	0.186475478	4.043882967	1.268741437	1.767043292	0.738938283	2.257093311	2.033415842
				deoxycholic acid:cholic acid																		0.127721278	0.09113434	0.287106342	0.00071655	0.135763277	0	0.128154495	0.232945193	0.370540661	0.309766768	0.106731951	0.000807032	0	1.337443711	0	0.184870933	0.243142513	0.142095071	0.000513896	0.100808197	0.003087061	0.036320407	0	0.135804164	0.536824133	0.256611474	0	0.33579469	0.001385755	0.186078566	0.000627081	0.31783977	0.001001737	0.395507033	0.409522374	2.864377931	0.138960067	0.147758514	0.452947232	0.292064075	0.246430544	1.88457445	0.001964253	0.229409479	1.920682731	0.004880066	0.008302195	0.000213198	14.60259932	0.668737489	0.000672525	0.011543675	0.008781597	0.003332495	0.000226552	1.490483841	0.002548402	0.986219985	0.004139073	0.011371606	0.854664353	1.030127787	0.002591579	2.293049098	0.765115515	0	0.021294156	0	2.286022552	0.052262021	0.019344906	0.68694362	0.454525352	7.52620406	0	0.118987342	1.018038764	2.6000286	0.969720795	0.352251569	0.693060345	3.663280948	1.106416075	0.304882099	0.008441612	0.008785279	1.313852606	2.493961312	6.757707416	0.286628253	0.853491721	0.632956475	1.546031523	0.511173047	0.580856863
				glycodeoxycholic acid:cholic acid																		0	1.4643E-05	0	1.4694E-05	0	0.405805258	0	1.7224E-05	2.94498E-05	0.000120726	2.63934E-05	2.38841E-05	2.00811E-06	2.23148E-05	6.21402E-06	0	2.21516E-05	2.55138E-06	1.08977E-05	1.58891E-05	1.11045E-05	2.059E-05	5.77962E-06	4.13791E-05	5.09812E-05	2.41461E-05	9.52596E-06	2.04982E-05	8.94545E-06	2.68063E-05	1.13183E-05	1.75039E-05	2.23159E-05	2.63455E-05	0	0	5.16724E-05	2.9304E-06	0	0.000134097	0	0.001235967	0.000298237	0.000749251	0.004093296	0.001695616	0.000644703	0.000395939	0.002641589	0.002899151	4.06223E-05	0.00043726	0.000189407	0.001886318	0.00021037	0.000473098	0.000884862	0.001072696	0.000695364	0.001502855	0.003870279	0.013897957	0.002183915	0	0	0	0	0.000953175	0.006947277	0	0.000490874	0	0.000509709	0.000442263	0.000339434	0	0	0.001573002	0	2.72652E-05	0	0.000413218	0.000320425	0.000573654	0	0.001936912	6.6355E-05	0.000269134	0.000833234	6.50841E-05	0.002211252	0.000281608	0.000394033	9.39942E-05	0.000370478
				taurodeoxycholic acid:cholic acid																		4.57595E-05	1.19456E-05	1.71821E-05	2.6795E-05	2.77583E-05	0.085664751	1.23972E-05	1.88643E-05	6.25808E-05	0.000994556	0.009188461	1.38277E-05	6.91683E-06	5.35554E-05	1.12629E-05	1.20062E-05	3.94576E-05	2.97661E-06	8.51386E-06	1.21505E-05	4.75413E-05	1.64022E-05	5.03983E-05	0.000135422	6.72518E-05	8.4265E-05	1.8655E-05	3.6266E-05	1.44706E-05	5.45874E-05	7.46525E-06	1.90951E-05	4.71114E-05	4.47874E-05	7.32909E-06	0.000104209	8.82494E-05	6.8376E-06	0.000371231	0.000563727	1.11245E-05	0.001167302	0.000215965	0.000610501	0.001776336	0.001116625	0.00155255	0.000294416	0.002324598	0.003037206	0.000631903	0.000276932	0.000206626	0.001194668	0.000372192	1.688642703	0.020174849	0.001650301	0.009536424	0.001552951	0.00126785	0.005783043	0.001397705	0.000157617	9.65848E-05	2.56911E-05	0.006107626	0.005123317	0.009368298	0.011287886	0.015150163	0.004451039	0.000251107	0.000398036	0.011257885	0.008055236	0.001279345	0.146146146	9.5881E-05	3.80278E-05	0.005215517	0.000213274	0.000803976	0.000347212	0.000248283	0.002282789	1.3271E-05	0.000370059	0.000416617	4.98978E-05	0.001131338	0.000173935	0.000295525	0.01371089	0.000105851
				lithocholic acid:chenodeoxycholic acid																		0.004605428	0.000342148	0.026639638	0.000297862	0.042578529	0.701750572	0.002490894	0.000231368	0.000253474	0.005569092	0.00895768	0.000700256	2.19556E-05	0.018277886	0.000343004	0	0.000443848	0	0.017333848	0.00365453	0.000438116	0.053891431	0.000383386	0.000571658	0.000329868	0.000428653	0.000232865	0.000516922	0.000277479	0.003218685	0.0127308	0.000130105	0.001210553	0.00023261	0	0	0	0.004847449	0	0	0	0.001206612	0.000338001	0.007084755	0.177510917	0.052105749	0.00149873	0.006144159	0.000294729	0.013197629	0.000411907	0.00149422	0.010060504	0.026397243	0.001923419	0.002088088	0.006819904	0.001721014	0.006043777	0.002343667	0.002112914	0.015981959	0.001722304	0.257537558	0	0.000686403	0	0	0.000150911	0	0.003407073	0	0	0.010679889	0	0	0	0	0	0.015160545	0	0.007225254	0.001465717	0.001127154	0	0.004078128	0.004269675	0.001141099	0.004228494	0.002526648	0.026032492	0.00174165	0.00154942	0.001568092	0
				glycolithocholic acid:chenodeoxycholic acid																		0.000151188	0.000152651	0.000114744	5.65938E-05	0.000157282	0.003206315	6.25853E-05	8.61959E-05	7.63475E-05	0.00075756	0.000148903	5.76342E-05	4.87901E-05	0.00022237	5.29638E-05	3.31493E-05	0.000146663	4.45857E-05	8.39939E-05	0.00074239	3.49097E-05	9.45847E-05	3.69763E-05	0.000370805	0.000114067	6.59466E-05	6.41223E-05	7.43286E-05	4.71532E-05	0.000345509	6.8029E-05	6.68108E-05	7.49654E-05	0.000516912	3.59719E-05	0.000140506	4.94679E-05	6.23929E-05	0.000113893	7.3074E-05	3.9827E-05	0.000382094	0.00014383	0.004067174	0.0130131	0.029664925	0.00029142	0.000192255	0.000159996	0.007605413	0.000129105	0.000535664	0.000234511	0.000554809	0.000676759	0.000395883	0.000959838	0.001721014	0.001715126	0.000710202	0.001690331	0.004314148	0.00050656	0.0002292	0.000108716	3.61265E-05	0.004533679	0.0035	0.000185209	0.001941276	0.001247661	0.007990868	9.40272E-05	7.71111E-05	0.000722618	0.004518072	0.000516758	0.002395908	0.000429318	0.000749314	0.001900029	0.000919954	0.000228423	0.00107348	0.001331052	0.006224512	0.00040437	0.000777271	0.00021087	0.000166689	0.001892086	0.000424436	0.000218375	0.000175257	0.000645717
				taurolithocholic acid:chenodeoxycholic acid																		2.32597E-05	0.00017897	9.56197E-05	0	0	0.001471751	8.76194E-05	4.53663E-06	0.000186288	0.005610041	0.000250784	6.33977E-05	0.000363486	0.000106351	0.000373269	0	2.31573E-05	0.00037452	0.00010577	0.002563503	0.000895433	4.72923E-05	2.91919E-05	0.00067981	0.000431603	4.79612E-05	0.000563601	4.73E-05	4.71532E-05	3.63693E-05	0.00229891	0.00015472	0.002173998	0	0.000239813	0	0	0.001737403	0	7.91635E-05	0.000238962	0.000201102	7.1915E-06	0	0	0	0	8.01064E-05	0	0.000447377	3.68872E-05	0	0.000363491	8.76015E-05	0	7.76241E-05	0	0	0.000490036	0	0.000169033	0	0.000278608	0	0	0.000541897	0	0	0.000205788	0	4.79869E-05	0	5.22373E-05	0	0	0	0	0	0	2.43963E-05	0	1.03366E-05	6.3451E-06	0.000322044	0	0	0	0	0	0	0	0	4.15952E-05	0.000138361	0
				glycodeoxycholic acid:deoxycholic acid																		0	0.000160674	0	0.020506634	0		0	7.394E-05	7.94778E-05	0.000389733	0.000247287	0.029595016		1.66846E-05		0	9.11055E-05	1.79554E-05	0.021206097	0.000157618	0.003597122	0.000566899		0.000304696	9.49681E-05	9.4096E-05		6.10438E-05	0.006455288	0.000144059	0.018049155	5.50713E-05	0.022277228	6.6612E-05	0	0	0.00037185	1.98324E-05	0	0.000459135	0	0.000655833	0.151832461	0.003265997	0.002131167	0.347457627	0.077654517	1.857142857	0.000180899	0.00433526	0.060402685	0.037878788	0.021568627	0.566037736	0.928571429	0.000317412	0.347222222	0.001087684	0.168	0.13215859	0.00452842	0.013491489	0.842696629	0	0		0		0.003039024	0	0.025374856	0	0.001121409	5.8763E-05		0	0	0.000604994	0	7.74027E-05	0	0.0001128	0.000289606	0.001881561	0	0.220472441	5.05042E-05	0.000107914	0.000123301	0.000227068	0.00259083	0.00044491	0.000254868	0.000183879	0.000637813
				taurodeoxycholic acid:deoxycholic acid																		0.000358276	0.000131077	5.98457E-05	0.037394451	0.000204461		9.67363E-05	8.09819E-05	0.00016889	0.00321066	0.08608913	0.017133956		4.00431E-05		6.49439E-05	0.000162282	2.0948E-05	0.016567263	0.000120531	0.01540018	0.000451597		0.000997188	0.000125277	0.000328376		0.000108	0.010442377	0.000293357	0.011904762	6.00778E-05	0.047029703	0.00011324	1.78967E-05	3.6381E-05	0.000635071	4.62755E-05	0.00081959	0.001930149	4.51427E-05	0.000619398	0.109947644	0.002661183	0.000924846	0.228813559	0.187004754	1.380952381	0.000159191	0.004541701	0.939597315	0.023989899	0.023529412	0.358490566	1.642857143	1.132949353	7.916666667	0.00167336	2.304	0.136563877	0.001483448	0.005613908	0.539325843	6.87368E-05	0.000126236		0.286821705		0.004098078	0.215986395	0.783160323	0.006479482	0.000552459	5.28867E-05		0.067698259	0.001256676	0.056209438	9.88748E-05	0.000107956	0.007525344	5.82193E-05	0.000726649	0.001138839	0.029411765	0.25984252	1.01008E-05	0.000148382	6.16507E-05	0.000174085	0.001325541	0.000274797	0.000191151	0.026822405	0.000182232
